supplier_id,supplier_name,contact_person,email,phone_number,address,city,state,country,postal_code
101,"Hill, Strong and Rodriguez",Gail Johnson,cookethomas@hotmail.com,+1-424-228-7134x550,"215 Curtis Flat Suite 921
Port Shawnbury, MA 25876",Jameschester,South Carolina,US,80169
102,Brown Ltd,Thomas Reed,amywalsh@yahoo.com,3228675975,"24150 Corey Fall
West Mary, PA 29226",East Kayleehaven,Vermont,US,26091
103,Johnson Ltd,Jennifer Scott,nelsonroberto@yahoo.com,7405871130,"754 Schmidt Plains Apt. 561
Frederickberg, GU 12628",North Michelleside,Nevada,US,54024
104,Castillo LLC,Ronald Gomez,richardtimothy@hotmail.com,601-800-0711x45568,"6756 Douglas Parks
Shawton, FM 65526",Lake Patriciaburgh,Michigan,US,10158
105,Barrera PLC,Michael Shannon,meganmiller@yahoo.com,001-458-341-5632,"96583 Avila Expressway
Wandaville, NV 06745",Port Aarontown,Kansas,US,58637
106,"Brown, Dawson and Santana",Kimberly Conway,bclark@hotmail.com,2264812662,"USNV Lawson
FPO AE 79558",Aaronborough,North Carolina,US,22478
107,Smith Ltd,Carlos Castillo Jr.,nmcmahon@yahoo.com,312-627-7548x62578,"568 Jeffrey Gateway
South Bryan, UT 48683",Zavalabury,Iowa,US,38039
108,Mathews and Sons,Richard Lambert,heatherroberts@yahoo.com,001-640-885-0591x06788,"241 Miller Points
Sharontown, ID 72462",Stewartside,New Mexico,US,1317
109,Meyers-Roberts,Sarah Brown,jeromethompson@gmail.com,-5239,"2781 Gomez Coves Suite 769
Solomonmouth, GA 45533",Lake Angelafurt,Ohio,US,41382
110,"Rosales, Miranda and Fitzpatrick",Kristie Bowers,halljasmine@gmail.com,(905)604-1313,"PSC 6440, Box 4236
APO AE 80678",Port Janechester,Hawaii,US,2611
111,Raymond Inc,Jennifer Green,jjackson@gmail.com,+1-502-714-0407x964,"28289 Jonathan Stream
North Yolandaton, CT 59624",Port Juliestad,Arkansas,US,39913
112,"Walton, Jenkins and Mendoza",Elizabeth Holmes,teresarobbins@gmail.com,(809)476-8171,"304 Montgomery Landing Suite 736
Ryanville, WV 79303",Margaretton,Massachusetts,US,60492
113,Tanner-Smith,Matthew Kelly,lpowers@hotmail.com,(895)292-5772x32574,"42624 Parks Center Apt. 373
Wilsonfurt, ME 07648",East Davidborough,Maine,US,17656
114,"Barton, Kelly and Beasley",Dylan Byrd,eriknewman@yahoo.com,924.440.9379x687,"0695 Medina Crest Apt. 859
East Karenfort, GA 64460",Berryland,Kansas,US,55452
115,Garcia and Sons,Jennifer Ramirez,stevenmiller@yahoo.com,900-244-0938,"1529 Justin Locks
South Michael, WY 30371",North Adamborough,Connecticut,US,44635
116,Phillips Ltd,Matthew Harrington,crystalchavez@hotmail.com,853.244.1623x49088,"292 Darren Islands Apt. 121
North Michaelchester, MP 80437",South James,New York,US,87667
117,"Adams, Rodriguez and Hendrix",Alexandria Cherry,ballkimberly@hotmail.com,398-980-0231,"163 Christopher Terrace Apt. 677
North Rodney, MO 28273",New Nicole,Wyoming,US,98483
118,"Adams, Mejia and Wright",Sue Thompson,christopher02@gmail.com,(719)943-2448x809,"57369 Allen Dale
Craigbury, CO 31693",Reesemouth,Kentucky,US,51114
119,Davis-Gregory,Suzanne Anderson,rwilson@gmail.com,773-692-9173x8032,"0016 Arroyo Mount Apt. 495
South Thomas, UT 04618",Kaneview,Rhode Island,US,18481
120,Miller Ltd,George Andrews,copelanddennis@yahoo.com,729-402-3382x261,"49642 Rebecca Terrace Apt. 748
South Brittany, MD 69993",Parkmouth,Wyoming,US,74714
121,Shelton Group,Sean Wright,micheal22@gmail.com,509-747-8384x08950,"15422 Stephen Mountain Suite 688
North Margaretville, TN 53649",Lake Amy,North Carolina,US,13530
122,Greer-Sanders,Brian Ramirez,dhenderson@yahoo.com,(622)413-3697,"99219 Wright Brooks Suite 993
East David, WA 71418",Port Nicholasville,Idaho,US,68716
123,Woods and Sons,David Jackson,christopherpetersen@gmail.com,838-949-9622x191,"1513 Jessica Village Apt. 206
Zunigastad, NC 07776",North Veronica,Montana,US,37749
124,Pitts Group,Pamela Clark,dhoover@yahoo.com,+1-276-815-0711x632,"182 Harris Bypass Apt. 600
North Pamela, NY 08588",Murraychester,Arkansas,US,3759
125,Williams-Jones,Kimberly Johnson,jacksonlucas@yahoo.com,001-231-563-1441x3507,"57916 Lisa Walks Suite 763
North Robertstad, MT 49971",East Dawnview,Hawaii,US,97092
126,White Group,Theresa Avila,royhowe@gmail.com,487-907-9750x95938,"502 Meagan Centers
Jasonfort, MH 88429",Port Allison,Michigan,US,12992
127,Green and Sons,Anna Gill,jenniferfuentes@yahoo.com,(385)432-3633x4824,"05813 Morrison Haven
Orozcostad, HI 52413",Lake Mariamouth,Florida,US,37985
128,"Blair, Ramos and Rogers",Joshua Gilbert,kevin55@yahoo.com,(512)858-3508x4922,"582 Ryan Motorway Suite 095
Thompsonfurt, LA 67740",Port Mitchellland,Nebraska,US,94198
129,Hall Ltd,John Davis,deniserivers@gmail.com,403-275-9872,"708 Christopher Via Suite 495
North Ricardo, AL 68221",Evanborough,Hawaii,US,31269
130,Jacobson and Sons,Robert Townsend,austin40@hotmail.com,001-445-744-5507,"0324 Nielsen Crossing Suite 940
Lake Terriville, HI 75483",Greenview,Maryland,US,69662
131,Shepherd-King,Chase Villegas,zmonroe@gmail.com,+1-220-850-3010x0911,"779 Torres Tunnel Apt. 791
Port Deanna, PW 42177",Birdmouth,Nevada,US,88001
132,"Robinson, Stevens and Stewart",Tina Norris,priscillasmith@yahoo.com,350.316.2064x25092,"094 Kane Isle
Jefferyfurt, OK 75138",New Robert,Minnesota,US,31794
133,Edwards Ltd,Katherine Knight,hughesjonathan@hotmail.com,5213841611,"7369 Rhodes Ridge
Browningport, VA 62118",Hernandezville,Arizona,US,23322
134,Marquez Group,Melissa Webster,ballen@gmail.com,524-609-2959,"97621 Martin Mountains
Lake Melissa, WV 85406",New Gwendolynfort,Missouri,US,54517
135,Leon-Schmidt,Derek Hawkins,matthew50@gmail.com,+1-780-408-0159x5557,"USCGC Johnson
FPO AP 98494",East Garyside,Maryland,US,79290
136,"Peters, Graham and Cox",Nancy Conrad,julia01@hotmail.com,927.304.7298,"PSC 0891, Box 0332
APO AA 59591",Kimberlystad,Tennessee,US,79884
137,Mathis-Sherman,Edward Williams,umason@yahoo.com,271-843-2446,"9639 Brown Drive
Richardville, NY 32487",South Brianna,Maine,US,26172
138,"Acosta, Jones and Brown",Mary Owens,amandacole@hotmail.com,2572564047,"19753 Tracy Rapids Suite 580
Hardinbury, UT 67032",Millertown,Utah,US,65121
139,Sampson-Martin,Charles Bennett,marshallcindy@gmail.com,559.834.9773x78846,"1326 Cox Branch
Lake Erikachester, IL 42070",Laurenhaven,Pennsylvania,US,99429
140,"Lee, Glass and Brooks",Joseph Montoya,uford@gmail.com,(520)261-4596x4699,"47228 Walker Route Suite 752
South Jessicaville, MH 26286",Port Christopher,Arkansas,US,15548
141,Morris-Miles,Sabrina Deleon,garrettjohnson@hotmail.com,001-753-697-8359,"39216 Allen Shores
Brandonfort, IN 23929",Lake Jamie,Nevada,US,54273
142,"Knight, Barber and Mcintosh",Daniel Richards,troy53@hotmail.com,900-993-9049x1066,"929 Lee Station
Robertsmouth, OK 04703",South Joy,Pennsylvania,US,58552
143,Reyes and Sons,Cory Fields,qward@yahoo.com,5303637994,"4642 Lyons Ways Suite 786
Zoemouth, VA 54162",West Jack,Oregon,US,83015
144,Combs PLC,Donna Willis,wrightgarrett@hotmail.com,+1-977-504-0881x249,"1272 Calderon Throughway Apt. 640
North Patricialand, GA 68338",East Amy,New York,US,82142
145,Moore Ltd,Patricia Martinez,mhoward@gmail.com,(761)972-4107x42193,"33843 Hernandez Cape Apt. 526
South Richardborough, IL 13194",New Joshua,West Virginia,US,6912
146,Kelly-Sanders,Jeff Rasmussen,snydercarrie@yahoo.com,440.292.4274x4816,"591 Moyer Divide
North Terri, NV 68031",Avilafurt,Nevada,US,10650
147,Burns Group,Shannon Peterson,alexis45@yahoo.com,(577)862-9211x48392,"21788 Regina Station Apt. 723
Lake Caitlinfurt, IA 42382",Hamiltonchester,Texas,US,82783
148,Williams-Carrillo,Michelle Curry,patrickallen@gmail.com,+1-556-489-4583x7465,"917 Wagner Lodge
Stacyhaven, NY 88661",Longborough,New Mexico,US,78332
149,Medina-Schwartz,Claire Rivers,brandi24@hotmail.com,707.215.3756x792,"86113 Gonzales Orchard Apt. 998
Philipbury, OK 16485",Haydenbury,Montana,US,49112
150,Ford and Sons,Erin Ellis,marshlauren@gmail.com,+1-270-290-4395x309,"63688 Joyce Vista
North Stephanieside, MT 40551",West Travisburgh,Florida,US,96463
151,Trevino Ltd,Sheryl Mckinney,timothywalker@gmail.com,968.849.5327,"372 Evans Spur
North Christianport, TN 75451",Marthaport,Mississippi,US,65136
152,"Dixon, Hutchinson and Brown",Lisa Miller,wcastro@gmail.com,001-729-450-7013x93324,"1847 Howell Island Suite 714
Sethtown, KS 54739",North Danielle,South Carolina,US,39740
153,Bailey and Sons,Jason Hill,maryellis@gmail.com,505-752-4247x9682,"75183 Sarah Expressway Apt. 049
Rhondaport, GU 99825",West Amanda,New York,US,46138
154,"Tran, Jones and Dennis",Eric Haynes,josephbishop@yahoo.com,774-846-0839x63985,"30710 Eric Greens Suite 464
West Josephland, SC 12453",North Dawnville,Wisconsin,US,11624
155,Forbes Inc,Laura Pace,kathy50@hotmail.com,3476750336,"Unit 9665 Box 4569
DPO AA 54084",New Hannah,Connecticut,US,58169
156,Smith-Schultz,Frank Bell,bondjames@gmail.com,7768078617,"USNV Middleton
FPO AP 58658",Garrisonfort,Wyoming,US,26865
157,Garrett Group,Peter Walton,garciachristopher@yahoo.com,001-441-245-9643x59426,"080 Sarah Oval
Lake Michealtown, NV 61155",Kimberg,Nebraska,US,6546
158,Higgins LLC,Steve Perez,garciasarah@hotmail.com,001-263-458-4245x0867,"161 Lisa Summit
New Robinton, VT 06384",North Taylor,Tennessee,US,24350
159,Wolfe Group,Jennifer Hoffman,williamsapril@yahoo.com,891.597.3520x1398,"159 Matthew Mountains
West Kelseyberg, UT 28624",Lake Brittany,Wisconsin,US,47669
160,Flowers LLC,James Gibson,moniquewilliams@gmail.com,202-780-1337,"509 Anthony Light
South Kelly, RI 80533",Jessicaview,Wisconsin,US,90048
161,Stone-Gonzalez,Kristen Stewart,christophergibson@yahoo.com,(834)677-2975,"239 Jones Estate Suite 981
Andersonstad, IN 51845",Lisafurt,Maryland,US,58709
162,Sanchez Inc,Jasmine Patton,brittanyhayes@yahoo.com,(487)446-1506,"60958 Tracey Pass
New William, WV 78033",Aprilburgh,New Mexico,US,92644
163,Pace LLC,Jason Salazar,ifrancis@gmail.com,(299)977-6582,"480 Holly Road
Flemingland, CT 07282",Juliemouth,North Carolina,US,56537
164,Lee Group,Victoria Bell,mbrooks@gmail.com,991-874-8075,"87624 Hopkins Ports Apt. 827
East Misty, TN 52110",Port Lindsaytown,Maine,US,71686
165,"Hawkins, Wall and Gonzalez",Jacob Palmer,rosechristina@hotmail.com,4784780968,"PSC 1177, Box 0132
APO AE 92973",Davisborough,Wisconsin,US,49087
166,Tapia-King,Mary Callahan,patricia47@hotmail.com,7897362083,"582 Frank Manors
West Sandra, SD 29614",North Anthonystad,Alaska,US,43507
167,Harris-Perez,Briana Harris,luislambert@hotmail.com,525-646-4238x6824,"19878 Sherri Dam Apt. 704
Lake Jennifer, AR 80147",Brentchester,Florida,US,19348
168,"Huerta, Terrell and Tran",Kyle Gomez,christywilliams@hotmail.com,648.327.4467,"622 Sherman Neck Suite 079
Brownburgh, OH 03622",Johnmouth,Arkansas,US,26796
169,Dean-Green,Louis Browning,dmendez@hotmail.com,547-720-5715x918,"Unit 3125 Box 7036
DPO AP 22457",New Kevin,Michigan,US,46577
170,Cooper-Mack,Bobby Hernandez,jeremiahwright@yahoo.com,353-715-7998x20991,"71585 Kirk Tunnel Apt. 865
Espinozatown, WV 62296",Romeroview,New Hampshire,US,55032
171,"Davies, Harris and Juarez",Tim Nelson,kanejames@yahoo.com,001-762-681-1685x869,"23936 Angela Squares
Millerland, WI 87900",West Susan,Ohio,US,47128
172,"Gomez, Bennett and Mendoza",Erika Santos,esmith@yahoo.com,001-362-942-3185,"240 Rice Parkway
North Jennifer, CT 30726",Rachelland,Minnesota,US,77057
173,Mcintyre-Solis,Travis Jones,nathanjones@yahoo.com,246-729-1614x822,"892 Brown Stream Apt. 815
North Katherine, KS 57869",New Dianeberg,Maine,US,17239
174,Schultz-Oliver,Sue Gallegos,elizabeth88@yahoo.com,793.763.7425x0255,"3947 Emily Ford
Lake Jacobport, PA 44990",Prestonland,Florida,US,28930
175,Hanson Group,Gary Stevens,jessicayang@yahoo.com,(690)584-8844x552,"7153 Valdez Alley Suite 932
Clintonshire, MS 50849",Cochrantown,Virginia,US,95918
176,Matthews Inc,Sarah Munoz,bradley84@hotmail.com,824.866.5607x522,"1766 Rivera Glen
Dunnstad, MA 54839",North Dillonshire,New York,US,10748
177,Baker-Fischer,Terry Lowe,johnsonwilliam@gmail.com,(983)703-4715x641,"430 Jack Estates Apt. 942
West Anthony, ID 29629",Markton,Indiana,US,8768
178,Hernandez-Haynes,Carlos Wolf,smithcarla@gmail.com,001-522-218-8507x1792,"06446 Paul Prairie Apt. 413
Ortiztown, CT 56490",Robertland,Georgia,US,10082
179,Torres-Lewis,Richard Palmer,nicolemcgee@yahoo.com,001-704-989-9497x122,"063 Carl Rue
Jillstad, MO 30526",Ellisville,Ohio,US,95986
180,"Kline, Valdez and Kirby",Phillip Hull,adam76@gmail.com,001-732-459-9408x7486,"3927 Smith Plains Apt. 248
Brianaland, NY 57480",West Michaelshire,North Carolina,US,55240
181,"Le, Wilson and Hill",Donald Zhang,gtaylor@hotmail.com,976-866-4727,"9673 James Light
Howardville, WY 07659",East Dylanborough,Missouri,US,75010
182,"York, Perez and Parker",Sean Daniels,jerryhenderson@yahoo.com,001-789-999-0188x1479,"4046 Jones Point Apt. 688
South Samanthafurt, IN 65744",Yoderstad,Ohio,US,37417
183,Branch PLC,Lindsay Ramos,mgreen@yahoo.com,5013692450,"2958 Hood Throughway
New Matthewchester, WV 65934",Hoganshire,Hawaii,US,3760
184,"Warren, Thomas and Manning",Ryan Sparks,yvonneford@hotmail.com,659-599-2899x9606,"1159 Martinez Highway Apt. 671
Medinamouth, MD 34147",Suzannemouth,Delaware,US,98469
185,Harris-Gonzalez,Lisa Yoder,rfrederick@yahoo.com,+1-971-732-6586x421,"390 Scott Lane
Weeksland, SD 01242",West Roberto,Missouri,US,9579
186,Wagner-Nash,Jacqueline Smith,pauldavid@gmail.com,+1-746-705-1787x612,"12306 Robinson Stravenue
Smithmouth, KS 90111",North Jasonville,Kentucky,US,37149
187,Taylor LLC,Andrea Munoz,martineztamara@hotmail.com,001-239-763-4505x04091,"Unit 0473 Box 7915
DPO AE 20946",Rojastown,New Jersey,US,56781
188,"Mclaughlin, Romero and Tucker",Christopher Mendoza,zachary51@gmail.com,710-244-6992,"78230 Cummings Centers Suite 018
New Sheryl, MI 86732",South Maryton,Hawaii,US,52257
189,Payne PLC,Ethan Crane,cindy22@yahoo.com,001-234-638-6794x355,"8193 Pham Cliff
Cynthiaport, RI 76076",Jamesmouth,New Mexico,US,85382
190,Guzman LLC,Rebecca Yoder,ahubbard@hotmail.com,001-234-722-5827,"544 Villarreal Ridge Apt. 515
New Lesliehaven, AR 27939",Lowerybury,Arkansas,US,29253
191,Rodriguez-Reyes,Emily Ramirez,hopkinsdesiree@hotmail.com,001-390-369-5722x271,"924 Peters Groves
New Alan, SD 28261",Brianfort,Idaho,US,30600
192,"Smith, Campbell and Bowen",Christopher Fry,lisagonzalez@yahoo.com,001-773-468-0243x4314,"32916 Clark Park
South Stephenfort, SD 87234",Deniseport,South Dakota,US,64363
193,"Anthony, Jones and Williams",April Fleming,samanthaortega@yahoo.com,666.360.9478x0839,"47953 Barnes Crossroad Apt. 310
West Stevetown, FM 46537",Scottburgh,Idaho,US,17281
194,"Steele, Dominguez and Robles",Kelsey Cruz,kwise@yahoo.com,533-928-0236,"745 Jacqueline Trail Apt. 676
Sherrimouth, GA 68809",Mckenzieberg,Michigan,US,17036
195,"Oconnell, Burton and Phillips",Christina Miller,amandafisher@yahoo.com,001-419-910-7861x6864,"USNS Hunt
FPO AE 09293",Holmesbury,Iowa,US,24036
196,Thompson-Thomas,Rebecca Fleming,castillopamela@hotmail.com,001-783-257-0102x2272,"664 Sellers Mountains Apt. 681
Molinaville, WI 86149",Garymouth,Virginia,US,80178
197,"Berg, Berry and Buchanan",Kristy Jefferson,colliermegan@yahoo.com,(395)269-3106,"2779 Choi Prairie
Wilsonfurt, DC 04290",Mezamouth,Florida,US,18341
198,Clark-Thomas,Zachary Adams,michealsmith@yahoo.com,(359)962-9636,"214 Harper Inlet
Garciastad, CA 94652",West Brianmouth,Georgia,US,48562
199,Nelson Group,Kimberly Nunez,lisa19@hotmail.com,293.836.2288,"117 Maria Mount
Ginaland, MA 98477",Lake Jamiefort,Florida,US,14749
200,Brooks-Richardson,Jenny Tyler,brian97@gmail.com,907-564-4586x8085,"5772 Nicole Throughway
Perryshire, MT 67675",Port Kimberly,Vermont,US,31536
201,Perkins-Cook,Elizabeth Roberts,dennisalexandra@gmail.com,365-968-5926x680,"46530 Salinas Mall
New Lorrainemouth, ME 57817",Josephland,Nevada,US,73608
202,Ball Inc,Kristine Spencer,sarahhouse@gmail.com,684-829-1458,"30525 Harris Shores Suite 046
Port Deborahchester, NJ 61557",Ashleytown,Connecticut,US,88437
203,"Cowan, Brown and Rodriguez",Michael Gonzalez,raymond77@hotmail.com,001-867-948-0368x08726,"396 Margaret Ridges
Lake Louisbury, MO 36322",South Dean,Illinois,US,38877
204,Griffith Ltd,Jessica Henry,lisa80@hotmail.com,(250)323-4668x5487,"459 Anthony Mills
East Andrewmouth, ME 76392",Cooperside,Kansas,US,85146
205,Brown-Fuller,Bryan Martinez,thomaspatel@yahoo.com,+1-385-470-2646x911,"27524 Stephens Skyway Suite 979
Cookborough, MH 95362",East Lisaport,Hawaii,US,35567
206,Chan-Bailey,Linda Owens,jamesshields@hotmail.com,601-729-0198,"407 Joshua Lakes Apt. 509
North Chad, MS 82827",Lake Lisaview,Florida,US,72671
207,"Adams, Price and Carson",Karen Hernandez,ralphadams@yahoo.com,(656)696-8913,"414 Lane Alley Suite 773
East Aprilbury, NE 70114",Lake Christopher,Virginia,US,34151
208,Davis Inc,Sarah Ortega,eric66@gmail.com,(651)629-3581,"48911 Willis Square
Bushville, AR 36628",Port Lisa,Michigan,US,64937
209,Cuevas Inc,Lindsey Jacobson,samanthacunningham@yahoo.com,(869)740-5991,"888 Pamela Unions Apt. 603
South Cynthia, ND 10937",New Karenhaven,Maryland,US,58098
210,Scott-Walsh,Madison Smith,toddcurtis@yahoo.com,-4744,"1497 Juan Parks Suite 188
West Andrea, CT 41143",Williamsstad,New Jersey,US,38487
211,Carter and Sons,Sue Johnson,lbrooks@gmail.com,(905)548-4393x20646,"31672 Miller Lights
Mckenzieland, DE 07980",South Lauramouth,New Hampshire,US,72932
212,Ford-Johnson,Joe Anderson,jason98@yahoo.com,+1-685-500-2100x15181,"0864 Jeffery Locks Suite 017
Michaelside, SD 23324",South Amy,Nebraska,US,13021
213,Rodriguez-Long,Rachel Wheeler,bakerkelsey@yahoo.com,630-829-9313x066,"99223 Erica Viaduct Suite 878
Kevinton, ND 92129",East Douglasfort,Alaska,US,22461
214,Walker Inc,Susan Wong,kcoleman@gmail.com,001-399-660-6759x579,"PSC 5271, Box 5945
APO AA 20565",Clarktown,Wisconsin,US,53986
215,"Arellano, Williams and Dominguez",Brittany Anderson,jennifer85@gmail.com,001-667-554-2035,"885 Morrison Island
Rivasburgh, OH 45179",South Joshuaview,Nevada,US,61554
216,"Myers, Salinas and Smith",Amber Garza,denise15@gmail.com,294-518-3091x033,"840 Bernard Parks Suite 273
Staceymouth, VI 20258",East Joshuaborough,Oregon,US,5027
217,"Brown, Morgan and Butler",Brett Cooper,julie92@gmail.com,768.350.9393,"16966 Webb Plaza Apt. 297
Smithberg, SC 90110",Aprilchester,Connecticut,US,21720
218,"Pearson, Chase and Rosales",Lisa Davis,leejennifer@gmail.com,5357289148,"Unit 7077 Box 2973
DPO AA 90984",Brownshire,Vermont,US,90872
219,Mason-Martin,Stephanie Juarez,blanchardrobert@gmail.com,(494)773-1515,"4962 Smith Glens Suite 425
Matthewhaven, KS 76425",West Aaronview,Oregon,US,5373
220,"Bell, Oconnor and Humphrey",Catherine Smith,gregoryparker@gmail.com,-4043,"80423 Megan Club
Ritabury, VA 02706",New Vanessa,Oklahoma,US,56017
221,"Serrano, Humphrey and Guerra",Christopher Cox,nicholasprice@yahoo.com,001-642-902-9747x51288,"547 Jessica Plains Suite 487
Lake Jonathanfort, CO 82362",Hartfurt,Minnesota,US,10307
222,Richardson and Sons,Rebecca Walls,evanchavez@gmail.com,(710)609-0385x59883,"97118 Parks Village Suite 737
South Samanthaview, GU 49691",North Cassandrabury,New Jersey,US,80383
223,Alexander-Knox,William Vaughn,webercarrie@gmail.com,863-944-8853,"98881 Turner Land Suite 513
Montgomeryburgh, WA 01133",Johnsonberg,Maine,US,11823
224,Bell-Chavez,Kristopher Parker,sreeves@hotmail.com,226-693-7010,"38298 Nicholas Lodge Apt. 699
New Jenniferborough, NC 67510",Coryville,Alabama,US,74994
225,Carter Group,Angelica Andrade,vazquezkevin@hotmail.com,+1-711-568-3516x710,"24024 Reynolds Lane Apt. 540
East Melaniebury, MP 78572",Ericbury,North Carolina,US,34331
226,Shannon-Russo,Sean Lynch,boyerpaul@gmail.com,(395)438-3109,"4460 Joseph Ridge
Carterchester, MA 37768",Jamesbury,Tennessee,US,44766
227,Perry-Mckay,Ruben Johnson,jacob81@gmail.com,001-305-294-3978,"143 Berg Lane
Port Crystalfurt, MP 15691",Flowersview,Maine,US,85656
228,Foster PLC,Charles Hall,danielchavez@hotmail.com,224.837.4109x118,"53794 Lawrence Mission Suite 970
West Kathy, CT 13346",Nelsonfurt,New Jersey,US,63670
229,"Werner, Young and Dunn",Jessica Ewing,deborahwaters@hotmail.com,001-988-753-6717,"572 Solomon Island Suite 428
North Jamiehaven, PA 38347",North Julie,Ohio,US,31966
230,"Wilson, Blankenship and Jacobson",Jonathan Newton,wwright@gmail.com,001-588-466-3200x35460,"582 Garcia Brook
Lake Elaine, NM 02241",East Robert,Missouri,US,14440
231,Hutchinson Ltd,John Smith,ericksonchelsea@gmail.com,687.396.0284x2116,"983 Clark River
Caitlinberg, MP 31134",Gainesfurt,New Jersey,US,35228
232,Harris and Sons,Brandon Allen,daystanley@gmail.com,530.714.6327x50793,"929 Collins Circle Apt. 420
Lake David, AL 59533",Bergborough,Vermont,US,42336
233,"Dominguez, Hayes and Myers",Julie Rivas,whitejulian@hotmail.com,(368)903-8611x994,"84062 Timothy Divide Suite 661
Beckland, CO 91170",South Daniellefurt,Kansas,US,71660
234,Acosta LLC,Adam Cox,mhickman@hotmail.com,001-616-789-8281,"760 Stevens River Suite 552
East Aaron, AL 46499",South Dustin,Oregon,US,56503
235,Miller Ltd,Dr. Johnny Chen DDS,jeffrey70@yahoo.com,(312)875-9569x92074,"9809 Erica Islands Apt. 534
Woodfort, IN 67736",West Benjamin,Maine,US,13576
236,Higgins LLC,Eddie Love,garciakelly@gmail.com,(609)697-1541x001,"0578 Deleon Crossroad Suite 328
West Tiffanyton, MI 88073",Rogerstad,Massachusetts,US,61115
237,Edwards-Lee,Melissa Harris,anthonyashley@yahoo.com,+1-762-958-7394x7774,"4351 Kelsey Springs
New Walter, KS 78147",Davidtown,Oregon,US,75189
238,Hopkins LLC,Tiffany Williams,montoyacharles@yahoo.com,+1-274-434-1285x5901,"422 Hunter Green Apt. 631
Rodriguezshire, AK 84227",Corymouth,Florida,US,54980
239,Baker LLC,Carlos Marsh,susan40@hotmail.com,518-494-9510,"173 James Lodge Apt. 777
Lake Reginaton, NC 97404",North Sheilachester,Nebraska,US,74890
240,"Baird, Kim and Campbell",Joy Moore,tdavis@gmail.com,-4305,"PSC 2500, Box 3809
APO AE 34674",Josephmouth,Vermont,US,44743
241,"Marshall, Garcia and Howell",Jennifer Gill,rbolton@gmail.com,+1-267-446-5593x4816,"081 Little Keys Suite 230
Lisamouth, DC 76389",West Melaniemouth,Vermont,US,77518
242,Scott Group,Sandra Olsen,jameshall@yahoo.com,(702)307-0957x60882,"3311 Shane Key
East Jackson, ID 54104",Matthewmouth,Kentucky,US,5553
243,Holt Group,Andrew Reed,rosematthew@hotmail.com,001-744-409-7861x1844,"4916 Brandon Parkway
Brownfurt, OR 13333",Harperport,Arizona,US,29447
244,Larson LLC,Stephanie Frank,ghicks@yahoo.com,4459827573,"61087 Sarah Burgs Apt. 664
Morabury, PW 71141",Julieton,Arizona,US,84543
245,Collins-Murray,Lawrence Ryan,jacksonscott@hotmail.com,+1-777-651-0660x086,"17097 Courtney Streets
West Brandon, ID 14332",New Amandaland,Virginia,US,79503
246,Cervantes-Kim,Joyce Delacruz,salazarlaura@gmail.com,001-496-717-2497,"Unit 6311 Box 4942
DPO AE 43011",Nielsenmouth,New Mexico,US,30818
247,"Brown, Cowan and Ramirez",Scott Mcguire,jasonjohnson@hotmail.com,321-234-7962x456,"73396 Barnes Terrace Apt. 744
Bensonton, MT 85108",Port Larry,Florida,US,73213
248,Rodriguez PLC,William Carter,tiffanycook@hotmail.com,601.658.8303,"567 Michael Ridge
New Stacy, UT 72427",Rodneystad,Iowa,US,13780
249,"Davis, Orozco and Turner",Aaron Lyons,wrightrachel@gmail.com,(595)821-4944,"5854 Barbara Brooks
Patelborough, ND 46671",Ashleyville,Colorado,US,26658
250,Roth LLC,Sheryl King,dfreeman@hotmail.com,-9630,"1549 Wells Club
Payneport, PW 89499",Lake Margaretchester,Hawaii,US,25781
251,Flores PLC,Corey Hall,novakrhonda@yahoo.com,-2933,"296 Ramirez Hill Apt. 686
South Taylorberg, PW 89639",Lindsayville,New Hampshire,US,77699
252,Hill LLC,Michael Watts,davisdonna@hotmail.com,469.529.8653x06455,"59695 Laura Trail Apt. 858
South Anthony, MD 68953",Tracybury,Vermont,US,47716
253,Goodman Inc,Sean Camacho,hhall@yahoo.com,001-454-995-2957x788,"14976 Rachel Station
Tiffanyside, KY 75847",New Robin,Tennessee,US,49004
254,"Tyler, Mason and Miller",Charles Rodriguez,morganmartin@yahoo.com,-8487,"220 Lewis Crest Apt. 102
Figueroaview, TN 44339",Grimeston,New Jersey,US,11952
255,"West, Freeman and Martinez",Jamie Gonzalez,jadkins@gmail.com,(823)944-3702,"USCGC Boyd
FPO AA 53539",Lake Danielleshire,Washington,US,46935
256,"Sloan, Smith and Morton",Tracy Johnson,priceaaron@yahoo.com,(216)781-7782x606,"33080 Smith Courts
West Brianville, FL 60036",Williamston,South Carolina,US,50521
257,Buchanan-Myers,Brian Jones,royrose@hotmail.com,(212)431-9698x4686,"6140 Andrews Key
New Steveshire, CT 47879",North Kristenbury,Hawaii,US,24085
258,Shelton Group,David Fitzpatrick,raymond67@hotmail.com,(585)585-7738,"693 Ortiz Centers Suite 776
Lake Amyside, PW 22116",Carrhaven,New Mexico,US,67627
259,Johnson-Knight,Lori Day,mckenzieyates@hotmail.com,6933927724,"189 Stafford Rue Apt. 022
Moorestad, NY 23546",Olsonville,Colorado,US,24968
260,Cuevas and Sons,Daniel Ball,rebeccagraves@gmail.com,001-409-224-9495x771,"38993 Thomas Field Suite 692
West Erica, TX 56038",South Kimberly,Alaska,US,18546
261,Johnson-Anderson,Amanda Clark,zparker@hotmail.com,291.484.2618,"149 Robert Grove
South Brianview, DE 90414",Valdezview,Kansas,US,98052
262,"Roberts, Ryan and Smith",Mike Jones,harperanthony@yahoo.com,329.923.2017x707,"13200 Howard Parkways Suite 055
East Johnfurt, AZ 85445",Lake Danielleport,Alabama,US,1640
263,Brewer-Harmon,Daniel Patrick,sherri41@yahoo.com,492.786.0912x76356,"18365 Love Island Apt. 000
Tylerland, AK 84327",Sarahstad,Louisiana,US,55881
264,Fields-Horton,Matthew Conway,francismegan@hotmail.com,(859)248-9445x8199,"19055 Timothy Trail
West Geraldborough, WY 64416",Georgeland,Maine,US,31825
265,Moyer-Reed,Kerry Rivera,osborntanya@yahoo.com,001-624-365-3931x1751,"49524 Wilson Trafficway
Christophermouth, PR 68737",Rhondaborough,North Dakota,US,76394
266,Contreras PLC,John Guzman,smithjessica@gmail.com,848-261-0220x580,"63523 Dylan Crest Apt. 367
Sanchezburgh, RI 19297",North Rebeccachester,Tennessee,US,92274
267,"Berg, Perkins and Cummings",Michael Walker,wagnerpatrick@gmail.com,372.927.8026,"72468 Chelsea Rest
Millerfort, MO 47200",Donaldmouth,Montana,US,45961
268,Armstrong-Mann,Travis Prince,debrajones@yahoo.com,001-563-678-9949x6202,"72490 Joseph Causeway
North Daniel, OK 33058",Valeriechester,Utah,US,84540
269,Smith Group,Arthur Stephens,melissa63@gmail.com,(957)594-2798x7583,"3852 Mckee Plaza Suite 427
Fergusonmouth, PA 84514",North Gary,New Mexico,US,50019
270,Robinson Ltd,Joshua Gutierrez,erika90@gmail.com,(406)721-3745x5287,"9775 Nicole Forge Apt. 721
Scottshire, OH 22715",Howardside,Nebraska,US,9451
271,Frederick LLC,Bradley Huff,richardstephanie@gmail.com,(617)851-8299,"0131 Kim Wells
Lake Charlesborough, VA 06548",Lake Kathleen,Tennessee,US,92564
272,Hernandez-Lee,Lindsey Quinn,tmitchell@hotmail.com,7075846017,"6500 Meyer Centers Apt. 036
Christinamouth, AL 90750",Boydville,Oklahoma,US,70916
273,Lowe LLC,Roy Kennedy,belinda66@yahoo.com,327-523-6998x9063,"63646 Elizabeth Streets Apt. 280
Georgemouth, CA 16761",Robertsborough,Maryland,US,50873
274,Hoffman Group,Martin Steele,randy72@hotmail.com,846.536.9523,"48036 Ayers Ford Suite 138
Port Shannon, AK 54082",Port Miguelhaven,Montana,US,25106
275,Patel Group,Michael Perkins,andrew71@hotmail.com,793-425-7135x710,"Unit 8405 Box 2719
DPO AP 75212",Port Timothychester,Delaware,US,58796
276,Morgan-Gilbert,Sara Greer,mooretabitha@hotmail.com,(298)609-3770,"35595 Drake Corner
North Arielshire, KS 03339",Ericatown,Washington,US,7463
277,Parsons-Serrano,Jared Curtis,karensilva@gmail.com,001-351-421-4870x40565,"85672 Erica Crossroad Suite 936
Milesport, MP 65513",Owenstad,Wisconsin,US,32316
278,Hill Inc,James Torres,gmyers@hotmail.com,9004767428,"632 Mitchell Center Suite 240
Port Danielle, ME 65599",North Phillip,Alaska,US,61243
279,Davis PLC,Ms. Stephanie Jones,reidmegan@yahoo.com,001-715-718-8970x163,"94482 Sexton Parkway
North Stephanieburgh, PA 09905",Hamptonfurt,West Virginia,US,58277
280,"Carroll, Briggs and Robinson",Amanda Chavez,bowersashley@yahoo.com,001-905-277-4833,"466 Ingram Harbors
Tonyafurt, IL 48327",Marshallton,Nevada,US,71515
281,"Wright, Parker and Barnett",Laurie Carroll,rmoore@hotmail.com,899.351.5496x6103,"41233 Benjamin Groves
Lake Kristabury, AK 94553",West Leahport,Nebraska,US,12814
282,Hudson PLC,Michael Johnson,pottsashley@hotmail.com,-6624,"725 Pham Heights
Franciscoborough, CO 45256",Mclaughlinside,New York,US,74995
283,"Russell, Smith and Williams",Ian Hamilton,michael39@yahoo.com,502-988-9550,"03990 Hill Street Apt. 918
Lake Jamesberg, OK 10443",South Ashley,Idaho,US,61728
284,Delgado-King,Tiffany Vincent,denise87@gmail.com,795.299.2592x84447,"241 Valdez Mews
North Nancyburgh, AZ 67771",Port Calebberg,Nevada,US,72567
285,"Gordon, Turner and Smith",Troy Ramirez,lkim@gmail.com,-6901,"227 Flores Shoal Apt. 826
Jodyton, ID 33480",Lopezville,Indiana,US,45856
286,Morgan Ltd,Sharon Sharp,vdavis@hotmail.com,368.393.2578,"967 Daniel Island
South Laura, WV 28193",New Courtneyside,Indiana,US,72147
287,Saunders-Olson,Michael Bush,rowechristine@gmail.com,887.218.8030,"49315 Wilson Crest
Lake Robert, NE 89251",Rodriguezfurt,Maine,US,36662
288,Kerr Group,Sydney Nunez,santostiffany@hotmail.com,+1-457-779-9056x90218,"9641 Tiffany Drive
Lake Deborah, OK 13468",Shahport,Michigan,US,31327
289,"Gregory, Kent and Smith",Jonathan Miller,rebecca99@hotmail.com,231.602.4874x1934,"649 Brown Circles Apt. 147
Christinemouth, NC 40957",North Rachelmouth,New Jersey,US,23346
290,"Stanley, Mcdowell and Reynolds",James Harris,bradysavannah@hotmail.com,873-974-8254,"612 Stewart Corners
Lestad, VA 90995",East Shelby,Mississippi,US,50505
291,Francis Inc,Isaac Cohen,baxterjulie@hotmail.com,001-333-389-9953x2813,"Unit 4373 Box 7888
DPO AA 37266",Lake Todd,Delaware,US,77484
292,Smith LLC,Robert Obrien,fdelgado@hotmail.com,401.445.6348x2230,"34450 Monica Throughway Suite 557
Deborahbury, KY 90269",Port Ryanmouth,Connecticut,US,6501
293,Stone PLC,Michael Dixon,tony32@yahoo.com,307.436.8142x648,"698 Tammie Circle
New Philipview, AR 93087",South Veronica,New Mexico,US,58907
294,Hall-Berry,Austin Short,michael12@hotmail.com,826.281.1242x37489,"10875 Thompson Curve
Loriville, MS 13383",West Paul,Kansas,US,30535
295,Pugh-Lewis,Erik Lewis,owilson@gmail.com,332.220.8858x0125,"567 Franklin Junctions Suite 324
Brianshire, VT 34464",Reyesland,Iowa,US,46707
296,Martin-Mendoza,Lisa Clark,lanepaul@yahoo.com,-1414,"154 Janice Lock Suite 015
Danielleshire, MO 72178",Anthonyshire,Kansas,US,65111
297,Montgomery-Olson,Ricardo Richards,marknguyen@hotmail.com,+1-676-243-1377x7073,"Unit 0150 Box 2448
DPO AP 25709",Gibbsshire,Nebraska,US,95833
298,Rodriguez Ltd,Jennifer Case,fsanchez@yahoo.com,+1-518-419-3304x766,"19710 Walsh View Suite 463
Garciaport, AK 29584",West Jordanland,Kentucky,US,7114
299,Robinson Inc,Lori Vaughn,shawhannah@gmail.com,(760)754-0402x42655,"504 Christopher Via Suite 291
East Jameschester, AK 57595",New Douglasland,Missouri,US,86023
300,Ho LLC,Tina Cantrell,lopezmonique@hotmail.com,-9288,"63461 Lozano Summit
Rojasstad, IA 10396",New Christinehaven,Alaska,US,98947
301,Jones Group,Antonio Miller,harry00@yahoo.com,001-684-465-1288x9928,"7268 Amy Gardens Suite 445
Kellyborough, NM 99164",East Amy,New York,US,45718
302,"Craig, Smith and Davis",Lisa Alvarez,guzmanalexa@yahoo.com,933-491-8937,"149 Cortez Mills Apt. 124
North Felicia, NE 32084",Katieberg,Hawaii,US,52974
303,Buchanan Inc,James Smith,ryanperry@yahoo.com,994.681.6241,"USCGC Bowen
FPO AP 13743",Bennettchester,Connecticut,US,36373
304,Owen Inc,Haley Perkins,ewinters@yahoo.com,+1-487-845-2150x28370,"Unit 3791 Box 2432
DPO AE 49081",East Nancy,Illinois,US,507
305,Johnson-Lee,Melissa Deleon,kingram@yahoo.com,(565)582-2299,"USNV Greene
FPO AA 09964",New Christinebury,Florida,US,76024
306,Rosales-Smith,James Carson,williamsheidi@hotmail.com,6757845329,"79814 Mitchell Rue
West Melaniechester, ME 16857",Josephfort,Nebraska,US,9062
307,Williams Ltd,Robert Edwards Jr.,steve54@hotmail.com,001-534-478-9704x27561,"432 Keith Centers
Jamiemouth, TN 92571",East Dylanstad,New Hampshire,US,69222
308,Pena-Barnett,Amanda Higgins,dawn29@gmail.com,(867)215-9521,"71894 Chelsea Neck Suite 472
East Davidchester, LA 04413",North Deborahview,Arkansas,US,7248
309,Bryant LLC,Cathy Mendez,emily26@gmail.com,+1-307-995-3450x61953,"9314 Taylor Freeway Suite 938
North Amyland, SC 89398",Mayfort,Georgia,US,69005
310,Navarro LLC,Nathan Smith,walkerkathleen@hotmail.com,485-351-9079x123,"041 Arellano Tunnel
Kristinaside, NC 15770",Michaeltown,Delaware,US,29329
311,Thompson and Sons,Donna Waller,sarahcrawford@yahoo.com,+1-698-945-7728x5679,"19215 Lopez Center
Lake Jerry, MO 53486",East Nicholasshire,Vermont,US,82593
312,Hayden PLC,Joshua Brown,todd78@yahoo.com,957-361-0207,"945 Robert Cove
West Christopherchester, WA 58268",Mannberg,Virginia,US,93829
313,"Roth, Oliver and Johnson",Andrew Braun,kcollins@gmail.com,(316)670-8794x4010,"Unit 0814 Box 1247
DPO AE 48902",Amyview,Arizona,US,84952
314,Kramer-Smith,Brittany Allen,andrea59@gmail.com,682-248-2723x85977,"4519 Jessica Extensions Apt. 581
South Jessicachester, UT 71701",Port James,Maine,US,65780
315,"Roberts, Barr and Gray",James Velasquez,sarah45@gmail.com,(864)362-9943x437,"424 Johnson Ramp
Lake Johnburgh, SD 20785",Delgadoton,Louisiana,US,58130
316,Armstrong Group,Cheryl Hopkins,cmitchell@yahoo.com,+1-866-885-2973x88969,"78027 Wilson Locks
Heidistad, NM 45824",Mileshaven,Montana,US,1061
317,Parker Ltd,Cody Jackson,shermanchristian@gmail.com,(893)262-5282,"Unit 1475 Box 0353
DPO AE 37565",Barronhaven,Washington,US,42718
318,Velasquez-Hughes,Laurie Miller,dale07@gmail.com,001-633-605-5852x30718,"9931 Miller Plains Suite 717
Meganmouth, WY 63884",New Ashley,Minnesota,US,67458
319,Walters-Sanchez,Debra Sellers,melinda46@hotmail.com,(819)325-6963x644,"9234 Rachel Mountains
West Albertbury, RI 60895",Gomezside,Illinois,US,84796
320,Young-Keller,Edward Berry,robin20@yahoo.com,470.417.2832x9293,"48371 Mason Valleys Apt. 815
Lisahaven, NM 00727",Jennifermouth,Alaska,US,56702
321,"Rivera, Wood and Tanner",Martin Young,abishop@yahoo.com,953.355.6676x5810,"0940 Flores Points Suite 323
West Kimberly, GA 53660",Markhaven,Washington,US,26337
322,Patterson and Sons,Sheryl Jennings,jonesteresa@gmail.com,+1-947-917-9366x2362,"422 Murphy Glen
West Karen, MS 16644",North Edwardburgh,South Dakota,US,27277
323,"Hernandez, Jordan and Davis",Lisa Benton,jgonzalez@gmail.com,001-301-462-2002,"399 Kristen Drive Apt. 729
East Michelle, HI 41826",South Davidport,Florida,US,90135
324,Carpenter-Chung,Kevin Rivers,osmith@yahoo.com,+1-765-282-2828x503,"Unit 7902 Box 8368
DPO AP 65988",Banksland,Mississippi,US,99102
325,Murphy-Bailey,Tyler Grant,josephbautista@hotmail.com,+1-271-736-5227x6806,"57818 Lori Station Apt. 819
Tonyside, NC 04845",Morristown,New York,US,56053
326,"Chambers, Rubio and Jones",Timothy Rivera,stephaniemorrow@yahoo.com,319.361.7508x0676,"945 Thompson Stravenue
Robertberg, PR 27965",Sharonside,Minnesota,US,96440
327,Anderson-Brown,Ann Jackson,dray@hotmail.com,001-442-703-6403x51318,"5166 Hill Prairie
West Karen, GA 33701",New Thomas,Texas,US,64658
328,Massey-Taylor,Caroline Brown,rwilliams@hotmail.com,593.562.7411,"92370 Warren Square Suite 170
West Mario, GA 26014",Rayburgh,Minnesota,US,60102
329,"Cruz, Yang and Robinson",Karen Shelton,vlewis@hotmail.com,(380)585-9881x6731,"692 Jacqueline Rest
Lindsayhaven, IL 71472",North Megan,Colorado,US,85006
330,"Johnson, Gardner and Allen",Stephen Bernard,brianlozano@gmail.com,348.788.2479,"07265 Bradley Terrace
Markland, AK 24164",Greeneview,Nebraska,US,37719
331,Juarez-White,Jacqueline Weeks,brownerica@hotmail.com,001-874-827-1296,"99400 Rojas Station Apt. 031
West Alyssa, FL 77486",Gregoryton,New Jersey,US,54409
332,Miller-Foster,Nathan Foley,owenshannah@hotmail.com,001-465-458-4627x4180,"75435 Kathleen Parkways Apt. 203
New Drewhaven, MP 93314",Morganside,Minnesota,US,26427
333,Pugh Group,Virginia Price,deanna53@yahoo.com,388.962.4509x5906,"093 Bradley Junction
East Calvin, ME 94240",West Joseph,Ohio,US,48498
334,"Smith, Taylor and Carter",Heather Parker,wandalee@gmail.com,001-324-922-8024x889,"0490 David Junction
West Heidiberg, NE 32185",Lake Lauriestad,Minnesota,US,59919
335,Bowman-Smith,Brian Knight,mark90@yahoo.com,456.369.2612,"2422 Daniel Flat
South Robynton, WY 33395",Juliestad,Alabama,US,89753
336,Murphy LLC,Aaron Hernandez,leedorothy@hotmail.com,+1-896-654-7121x672,"9610 Frederick Centers
Port Stevenborough, AL 49531",Jamesbury,New Hampshire,US,49068
337,Perkins-Parker,Michael Henderson,rodney38@gmail.com,(355)947-0756x152,"4723 Sandoval Rue Suite 282
South Tammy, AK 94978",East Jaredborough,Vermont,US,54345
338,Potter-Wood,Jose Kelly,xbrown@gmail.com,-7055,"07978 Wood Stream
Brettville, FL 62200",Boltonberg,Delaware,US,93081
339,Grant-Anderson,David Roach,nealcindy@gmail.com,+1-365-681-5642x82709,"954 Larry Square
New Ernest, CT 66888",North Josechester,Oklahoma,US,23321
340,"Weiss, Hancock and Lewis",Johnathan Costa,juliebecker@gmail.com,001-578-476-6472x803,"352 Jones Streets
Feliciahaven, AS 03666",North Barbaraberg,North Dakota,US,90795
341,Vaughn-Thompson,Lindsay Davis,kimberlyparker@gmail.com,001-739-280-2309,"Unit 9551 Box 6231
DPO AA 47505",East Lisafort,Texas,US,22678
342,"Smith, Johnson and Stewart",Denise Lee,xpayne@gmail.com,965.441.7737x29493,"66299 Gomez Manor Suite 236
Lake Jerry, MS 50591",Lake Jessica,Iowa,US,29491
343,"Ford, Tapia and Johnson",Meghan Allen,pachecosherry@gmail.com,925-255-6956x20944,"27436 Austin Falls
North Brenda, CA 12687",Kevinburgh,Michigan,US,63200
344,Sparks-Thomas,Stacey Walker,whughes@hotmail.com,(225)329-7453,"790 Abigail Circle Suite 072
Port Shirleyfurt, MH 86950",West Jennifer,Maryland,US,33193
345,Pierce-Williams,Tiffany Hamilton,jasminewhite@yahoo.com,(287)620-9868x6397,"72920 Ramirez Fork
Graystad, NM 62118",Gillmouth,Arizona,US,65940
346,Cannon PLC,Kristine Ballard,heather54@hotmail.com,001-242-599-4659x597,"513 May Roads Suite 263
Moraleschester, VI 49061",Pittmanville,Massachusetts,US,55579
347,Mcneil and Sons,Jeffrey Hopkins,alvin93@yahoo.com,809.395.1967,"604 Ponce Place
South Robert, CT 20536",Lake Aaron,Pennsylvania,US,12875
348,Johnson-Cardenas,Tyler Berg,christina74@yahoo.com,6032772628,"076 Jessica Corner
West Sherry, OR 45663",Ericborough,Louisiana,US,36273
349,Lee PLC,David Dickerson,kaufmanjohn@gmail.com,275.522.5286,"26690 West Burgs Suite 489
South Toddfort, FL 31570",West Deanna,Missouri,US,61871
350,Wells-Torres,Karen Watts,david55@hotmail.com,263-703-8266,"PSC 4171, Box 7839
APO AA 36168",East Wyattton,Arkansas,US,55658
351,Daniels Ltd,Mr. Travis Joseph DVM,teresacardenas@yahoo.com,(897)487-9525,"96138 Anderson Trail Suite 676
East Jamesstad, MT 26278",New Nancymouth,Arizona,US,66257
352,Woodard Ltd,Gary Cantu,johnmorgan@yahoo.com,928.514.6005,"3191 Anthony Landing Suite 353
South Bethanymouth, RI 32080",Melissabury,South Carolina,US,96386
353,Henderson-Carroll,Tammie Sawyer,calderonmargaret@yahoo.com,791.383.9299x057,"410 Kyle Shore Apt. 559
Collinville, WI 00522",West Justin,Tennessee,US,50873
354,Cantrell PLC,Ricky Contreras,tamara03@gmail.com,209.753.1025,"81488 Gill Fields Suite 415
New Robert, GU 88315",East Coryhaven,Utah,US,80468
355,Carey-Ward,Gabriella Hernandez,jmclaughlin@gmail.com,269-409-8909x8068,"42195 Diaz Meadows Suite 018
New Danielle, NY 97253",Lake Richardhaven,West Virginia,US,40322
356,Tanner-Solomon,Gregory Drake,iblack@gmail.com,7578490618,"193 Davis Curve Apt. 721
New Amyville, AK 99690",Hillfurt,California,US,64054
357,Wood and Sons,Tony Smith,dunlaptimothy@gmail.com,444-721-5829x240,"54730 Stephens Inlet Suite 695
Stephenburgh, GU 20533",North Taylor,Colorado,US,14612
358,Meyer-Griffin,Mathew Barnett,caitlyn95@yahoo.com,(409)434-4975x360,"15125 Paul Ford
Port Peter, DE 77966",Deanland,Utah,US,40543
359,James Group,Cathy Williams,johnsonanthony@gmail.com,(679)868-4599x40948,"5605 Brandon Square
Kaylaview, MN 09864",Garrettview,Iowa,US,76361
360,James-Ford,Norman Monroe,laurabaker@hotmail.com,714.964.6845x45260,"59921 Traci Loop Apt. 502
Fowlertown, SD 33489",New Shannon,Maine,US,98775
361,Turner-Fitzpatrick,Jeffrey Foley,garciamegan@gmail.com,781.209.8187,"PSC 4539, Box 8581
APO AE 05287",South Stephanie,Nevada,US,17213
362,"Fitzgerald, Glass and Haney",David Salazar,vnelson@yahoo.com,+1-526-969-2489x4961,"39629 Charles Run Suite 078
New Andrew, IL 27836",East Taylorbury,New Mexico,US,99831
363,Jimenez-Jennings,Daniel Bean,andrewmeyer@hotmail.com,+1-747-474-5316x80545,"609 Brandt Port Suite 774
Wagnerport, AS 29292",Jessicaborough,Nevada,US,13221
364,French-Jimenez,Derrick Duffy,erik58@gmail.com,+1-278-467-5400x091,"99522 Olson Junction
Brianmouth, GU 92550",East Brettmouth,Montana,US,76002
365,Walker Group,David Singh,sheila01@hotmail.com,879.502.7462,"PSC 7076, Box 2374
APO AP 20248",Brandonstad,Tennessee,US,27996
366,"Garcia, Carter and Stevens",Scott Phillips,alexwilson@gmail.com,001-339-717-1867x87338,"201 Ruiz Loop
Michaelmouth, RI 23092",Lucasside,Maine,US,1789
367,Ruiz PLC,James Munoz,seth24@hotmail.com,800.959.1378,"7386 Mitchell Vista
Powerschester, IA 36706",East Philipmouth,Pennsylvania,US,57138
368,Donovan-West,Abigail Moss,warnerandrew@gmail.com,(428)461-1787,"90764 Evan Knolls
North Gregory, OK 10535",South Ashley,Vermont,US,21496
369,Wells-Barker,Melanie Kim,johnsonjoseph@yahoo.com,001-500-661-9057x587,"11753 Parker Square Suite 965
West Cindy, TX 29707",Hawkinsberg,Texas,US,57184
370,Ramos-Miller,Alexandra Yates,fspears@hotmail.com,957.256.5527,"9858 Johnson Extensions
New John, OK 87705",West Brycechester,Delaware,US,63185
371,"Clark, Hart and Vaughn",Amanda Trevino,hartmanevan@gmail.com,001-560-637-0978x473,"173 Ponce Island Suite 405
Lake Danielborough, DE 70366",New Toni,South Dakota,US,21053
372,"White, Harris and Watts",Becky Mendoza,katiewilliams@hotmail.com,(787)611-2725x83923,"8903 Baker Crescent Apt. 618
Jacksonhaven, MT 13420",Julianview,Delaware,US,27290
373,Matthews-Maldonado,Tammy Duarte,petersonkeith@hotmail.com,(975)710-8140x4572,"223 Gregory Branch
Lake William, OH 77821",Jasmineborough,Vermont,US,25268
374,Anderson-Hanson,John Cook,ctorres@yahoo.com,984-589-1768x479,"65168 Nicole Shoal
Martinezberg, HI 97594",West Brittany,Montana,US,35130
375,"Moore, Perez and Chang",Heather Oliver,elizabeth96@hotmail.com,+1-683-293-8454x4190,"413 Marquez Mountains
Richardstad, MD 86579",Lauraberg,Delaware,US,22293
376,Moyer PLC,Steven Rogers,cheyenne82@yahoo.com,+1-230-372-9221x65026,"439 Jordan Hills
Lake Cesar, IA 69914",Shanemouth,Pennsylvania,US,46531
377,"Pierce, Brown and Adams",Alexander Grant,amanda98@gmail.com,352.931.5016x9963,"7454 Kylie Mall Suite 267
Cynthiamouth, CA 69617",South Stevenbury,South Dakota,US,84990
378,Coleman-Wong,Justin Hill,robin52@yahoo.com,3673885785,"5201 Jill Glen Suite 273
West Thomasburgh, WI 76945",North Sarahfurt,Connecticut,US,71488
379,Morgan-Olson,Adrian Taylor,mbailey@yahoo.com,+1-665-877-1706x3293,"58354 Guerra Loop
East Alyssa, AR 69349",Rachelburgh,Kentucky,US,11644
380,Stewart Ltd,Jasmine Hernandez,marycooley@yahoo.com,697.984.1689x54681,"51913 Henderson Circle
East Anna, MP 05209",Lake Michael,Vermont,US,27725
381,"Garcia, Malone and Smith",Jesse Coleman,paulboyd@gmail.com,-7713,"5834 Carrie Crescent Apt. 842
New Patricia, PW 34456",Harrismouth,Nevada,US,38160
382,Lara Group,Joshua Rice,arthur81@hotmail.com,001-489-722-2347x5072,"3376 Joshua Key Suite 255
Emilychester, IL 11881",Lorettaton,Maine,US,16141
383,Marquez-Hull,Edward Thomas,fhays@gmail.com,(773)514-3099x826,"078 Lowe Road Suite 860
Port Matthewside, VT 98206",South Elizabethhaven,New York,US,8170
384,"Atkinson, Mendoza and Hubbard",Shirley Hopkins,andrew88@yahoo.com,(516)810-1126x8149,"1297 Key Fort Suite 680
Jordanfurt, NJ 67622",South Cynthia,Wyoming,US,11594
385,Saunders Group,Victor Ramirez,elawrence@gmail.com,(549)972-4271x5621,"3914 Benjamin Turnpike Suite 448
Karaville, SC 54301",North Sarahton,Kentucky,US,70712
386,Morrison LLC,Michael Davis,jasongardner@gmail.com,001-438-763-4233x24446,"0661 Caldwell Valley Apt. 871
East Jacquelinebury, KS 40922",Brianstad,Nevada,US,60342
387,Johnson-Pace,Laura Ross,coxbrittany@hotmail.com,538.811.4146x184,"332 Compton Cove
Nicoleville, LA 78318",Laurafurt,Colorado,US,67486
388,Wallace-Franklin,Madison Fox,ayalasean@yahoo.com,7468519956,"Unit 8244 Box 7066
DPO AP 03033",Samanthatown,Hawaii,US,28245
389,Thomas PLC,Jonathan Guzman,kyleandrews@hotmail.com,993-907-3840,"1483 Hale Forges Apt. 794
South Jordanshire, PR 41062",Jackiefurt,Rhode Island,US,58921
390,"Wood, Taylor and Henry",Kayla Day,josephnicholas@gmail.com,823.360.6974,"4490 Hawkins Junctions
Matthewfurt, ND 41604",Youngbury,West Virginia,US,52579
391,Miller-Miller,Gary Santos,eric17@gmail.com,001-845-560-6489,"Unit 4167 Box 0084
DPO AA 71068",Schroederside,Rhode Island,US,10493
392,"Horn, Green and Neal",Nicholas Davis,carol77@gmail.com,+1-854-301-2097x5591,"900 Justin Loop
Christybury, NH 13753",Hensleyborough,Oklahoma,US,83094
393,Rios LLC,Madison Johnson,ugeorge@yahoo.com,+1-707-800-5631x363,"3636 Simpson Camp
Port Patrickmouth, WI 17359",Port Lacey,New Hampshire,US,22244
394,"Williams, Smith and Nelson",Jared Jones,wilcoxjoseph@yahoo.com,330-307-3276x062,"27765 David Square
Port Shannonborough, ND 84092",South Angelatown,Kentucky,US,3393
395,Reyes and Sons,Brianna Bailey,elizabeth57@hotmail.com,(885)785-2179x12190,"8692 Debbie Estate Apt. 717
Whitneyfort, MS 62573",Port Michelleshire,Texas,US,74723
396,"Robertson, Wagner and Schneider",Beth Jennings,iclark@yahoo.com,892.284.0522,"717 Destiny Mews Apt. 531
Port Derekland, OR 81499",Maryhaven,Ohio,US,35677
397,Williamson-Lopez,Lori Nichols,teresatyler@gmail.com,(611)894-0734x5171,"220 Jose Pike Suite 010
Lake Nicholasfort, NY 06761",Jennifermouth,Mississippi,US,28648
398,Sanchez Inc,Dawn Anderson,kimberly23@gmail.com,(340)983-3864,"755 Christina Stream
North Lucasbury, NE 20048",Thomashaven,Rhode Island,US,62649
399,Hall Group,Candace Barrera,diana47@gmail.com,(411)447-1142,"69540 Lauren Harbor
Christianside, NJ 52411",Port Jacqueline,Indiana,US,70978
400,Gomez LLC,Darlene Page,johnsonlauren@hotmail.com,638-428-0147,"31773 Lori Island
Jonathonshire, KS 29573",Goldentown,Tennessee,US,69774
401,Thompson-Alexander,Brian Gallegos,vmiller@yahoo.com,(667)563-0144,"741 Johnson Village Suite 647
West Douglasshire, VA 47725",East Jenniferfurt,Connecticut,US,21758
402,Fowler-Schultz,Jonathan Allen,imacias@gmail.com,+1-557-974-3559x6942,"497 Barbara Plains
Port Jeffreyfort, DE 38984",Burtonland,North Carolina,US,41002
403,"Rivas, Rose and Reed",Melody Wiggins,thomas80@hotmail.com,329.405.9136,"80894 Joseph Trace
Rebeccatown, ME 87904",Mathiston,Wisconsin,US,23512
404,Brown Inc,Jennifer Johnson,tonyacarroll@yahoo.com,655.630.8675x036,"57575 Destiny Locks
Simmonsfort, MD 51452",Michaelshire,Iowa,US,13402
405,"Shepherd, Burns and Price",Ralph Berry,tara99@hotmail.com,001-278-461-9290x537,"2373 Sonya View Suite 631
West Bryanton, DE 97318",Lake Tanya,New York,US,28483
406,Martinez-Savage,Gregory Hodges,hamiltonpeter@hotmail.com,383-736-3433,"51926 Brown Stream
North Brandonburgh, DC 03587",Berrybury,Louisiana,US,82176
407,Smith LLC,Frank Walker,paulharris@gmail.com,(586)890-2540x69253,"21441 Thomas Falls
New Debra, ID 19031",South Brianna,Wisconsin,US,24941
408,"Mack, Shelton and Oliver",Cathy Rice,wsimon@hotmail.com,001-693-735-5282x025,"03658 Marshall Mount
Jordanville, IA 03284",North Mikestad,South Dakota,US,46777
409,Morales-Crane,Darrell Patel,qschultz@yahoo.com,363-977-7785x363,"7772 Heather Path Apt. 493
Adamsstad, MA 88040",West Steven,Utah,US,62448
410,"Simmons, Dickson and Gonzalez",Aaron Spencer,nguzman@hotmail.com,(305)991-0086,"USS Miller
FPO AA 35938",Bishopport,New York,US,81112
411,"Green, Hartman and Baker",Robert Wilson,howellrobert@yahoo.com,888-536-5369x6989,"3612 Davis Garden
Lake Jessica, AK 28117",Lake Benjamin,California,US,39556
412,"Lewis, Luna and Rios",Janice Krueger,robertsparks@hotmail.com,8876620921,"3551 Rebecca Lodge Apt. 989
New Alison, VA 99021",Port Sharonchester,New York,US,44293
413,Michael-Hughes,William Perez,watsonsteven@hotmail.com,(286)433-3957x9008,"51487 Jennifer Way
East Joshuafort, AK 93108",Frankfurt,North Carolina,US,66638
414,West Ltd,Peter Ramirez,ryanwillis@gmail.com,001-871-362-7951,"296 Carl Junction
Wilsonville, WI 91873",North Renee,Kansas,US,8078
415,Nielsen LLC,Marcus Tucker,xjordan@yahoo.com,491.242.5134x30511,"0592 Rogers Throughway Apt. 280
Lake Amymouth, VI 64487",Stonechester,New York,US,84169
416,"Brennan, Johnston and Meyer",Tiffany Johnson,eric80@gmail.com,225-321-5839x63361,"0805 Austin Ville
Lake Bryan, IN 25679",Aaronmouth,Ohio,US,22092
417,"Jensen, Montgomery and Evans",Jessica Gordon,jenningsronnie@gmail.com,(879)414-9508x01150,"2375 Patricia Mount
Scottburgh, AL 92292",Billytown,Alaska,US,9035
418,Horne LLC,Devon Ramirez,amber20@gmail.com,238.872.3021x37628,"168 Cross Path Apt. 117
Stephanieburgh, ND 05582",Ramirezshire,Alabama,US,74660
419,Johnson LLC,Samuel Cox,james79@gmail.com,519-202-9060,"847 Perkins Roads
Port Karen, UT 28756",West Deannaville,Kentucky,US,87844
420,"Elliott, Wilson and Lopez",Claire Johnson,jessica27@yahoo.com,(324)330-3643,"480 Michael Pine
Doughertyberg, CT 71146",Thomasbury,Illinois,US,87437
421,"Duke, Chung and Stewart",Jill Quinn,angelabryant@gmail.com,+1-453-670-8519x98901,"93930 Lisa Manor
Mclaughlinside, AR 03333",North Joshua,Minnesota,US,5067
422,"Davis, Castillo and Greer",Bryan Henson,nicolewalsh@gmail.com,001-424-735-2968x9409,"30099 Elizabeth Island Suite 241
Port Latoyaberg, HI 14506",South Maryhaven,California,US,65231
423,Sparks-Cain,John Cameron,nancy80@hotmail.com,395-596-1123x106,"83112 Vincent Trail Suite 654
East Virginiafort, VA 39050",Derekborough,Minnesota,US,24857
424,"Madden, Jackson and Swanson",Deanna Conrad,lkirby@hotmail.com,(346)946-3902,"47928 Shannon Parkways Suite 772
Dorisshire, CA 98808",Alexandrastad,Oklahoma,US,97742
425,"Rodriguez, Grant and Henderson",Robert Davis,donna36@hotmail.com,-6197,"95660 Tammy Cliff
Perezbury, ME 85185",Johnnyside,Tennessee,US,29691
426,"Hamilton, Watson and Fields",Donald Ramirez,michael16@gmail.com,001-872-439-5628x5210,"88530 Calderon Gardens Apt. 637
Haynesland, AL 40032",New Tanya,Wisconsin,US,48618
427,"Lopez, Hernandez and Mcclain",Dr. Kevin Nguyen,donnakeith@gmail.com,+1-354-821-6081x97052,"7687 Casey Burg Suite 090
Karenville, RI 73527",South Jeffreyland,Mississippi,US,70399
428,Walker-Sanders,Diana Gomez,zmitchell@hotmail.com,001-646-369-1481,"4090 Kevin Highway
South Steventon, DC 25129",Brownside,Ohio,US,52036
429,Howard-Barnett,Crystal Orr,ashley21@gmail.com,5449242722,"0405 Campos Crest Apt. 422
Bonnieburgh, AL 52160",South Allison,Alabama,US,3834
430,"Terrell, Vega and Welch",Michael Frost,tammy01@hotmail.com,-2278,"538 Robert Ferry
Brandonchester, AS 86696",Lake Christian,Pennsylvania,US,29377
431,"Patrick, Gordon and Hunter",Kayla Mann,johnsonaaron@yahoo.com,829.999.7418x297,"643 Owens Gateway
Hoodbury, MO 69644",Lake Jake,North Carolina,US,71856
432,Hernandez Ltd,Cynthia Robinson,campbellmisty@hotmail.com,(717)607-2211x69138,"88777 Bryant Brook Suite 845
Ramostown, MN 26720",Yoderberg,New York,US,78028
433,Nicholson and Sons,Meghan Thomas,taylor82@yahoo.com,001-685-746-7038x72201,"978 Reyes Spring Apt. 085
Jermaineport, NY 51478",Carrillotown,Nebraska,US,47707
434,"Fox, Mitchell and Rowe",Kevin Wiley,austinestrada@hotmail.com,292.695.9860x1607,"1161 Sarah Lane Apt. 761
Amandamouth, VI 95221",North Kelli,Pennsylvania,US,40867
435,"Hardy, Stewart and Livingston",Julia Smith,michael34@yahoo.com,001-601-690-6233x2515,"410 Young Parkways Suite 182
South Karenhaven, MH 46036",New Tiffany,West Virginia,US,70872
436,Rodriguez and Sons,Jeremiah Ewing,brianhood@hotmail.com,(473)268-2245,"3319 Maureen Mountain Suite 928
Dariusview, AZ 06300",East Carla,Nebraska,US,76700
437,Clark Ltd,Micheal Jennings,danielle69@gmail.com,4812339899,"43286 Jasmine Summit
South Autumnmouth, ID 61784",Laurafurt,Rhode Island,US,80549
438,Clayton-Hall,Aaron Sloan,swilson@gmail.com,385-321-3371x063,"USNS Graham
FPO AE 24945",Lake David,Washington,US,66161
439,"Gutierrez, Anderson and Baker",Patricia King,jason93@hotmail.com,7527796135,"909 Debbie Haven
Melindaton, ID 30383",West Davidtown,Oregon,US,77917
440,Rivera LLC,Justin Barnett,cathy01@gmail.com,8872253786,"99290 William Prairie
New Karen, IA 72934",Lawrencetown,Michigan,US,15791
441,"Warren, Good and Hernandez",Linda Mendoza,chapmanlogan@yahoo.com,901-308-4475,"475 Ashley Skyway Apt. 944
Claytonberg, MN 36515",Curtisside,Iowa,US,30355
442,Adams and Sons,Casey Hendricks,adam04@gmail.com,841.800.4613x44201,"6554 Amanda Lodge Apt. 577
North Marc, MO 67627",Lake Rhondabury,Florida,US,32037
443,Daniels-Rodriguez,Rachel Wang,jill86@yahoo.com,569.654.8683,"209 Sanchez Springs Suite 127
Bellfort, TN 12478",North Jenniferland,Kentucky,US,79655
444,Lee-Marshall,Juan Lee,timothywashington@gmail.com,001-417-989-0459x317,"PSC 0810, Box 4065
APO AE 95355",Harrisonburgh,West Virginia,US,86598
445,"Glenn, Cowan and Riley",Benjamin Rose,reedjohn@gmail.com,9933003765,"69238 Douglas River
West Joshuaview, WA 75813",Scottport,Texas,US,68236
446,Walker-Huffman,Jeffrey Barnes,yschwartz@hotmail.com,001-837-259-6308x72154,"3960 Thomas Alley
Port Nicholasview, MA 52191",Phillipsbury,Oregon,US,52693
447,Mitchell-Keller,Cassandra White,terickson@yahoo.com,9303403184,"203 Gordon Lane
East Drew, PW 10534",Randallfurt,Louisiana,US,92735
448,Turner-Bryant,Kimberly Marsh,nicholas63@yahoo.com,977.227.0301x721,"0083 Ross Street
Garciaside, RI 10987",Leeborough,West Virginia,US,48131
449,Kidd and Sons,Sharon Harris DDS,davidsanchez@hotmail.com,001-931-467-5800,"226 Ferguson Street Suite 445
Jonesland, AR 47069",New Joshuamouth,Oklahoma,US,32248
450,Rodriguez-Taylor,Michael Taylor,christinacarey@gmail.com,959.520.7948x9679,"432 Sheila Brook
North Jennifer, HI 72483",Brownfurt,North Carolina,US,6697
451,"Weaver, Williams and Mccormick",Angela Mosley,carmenrogers@yahoo.com,385-711-7276,"8494 Martin Mountain
East Christinahaven, MN 03377",West Jacob,Nevada,US,68203
452,Lucas-Brown,Caroline Snyder,myersbradley@yahoo.com,(903)940-6128x71003,"5715 David Place
Lake Whitney, MI 17227",Mcguireville,Massachusetts,US,20067
453,"Wright, Alvarez and Bishop",Elizabeth Delgado,laneblake@hotmail.com,(743)464-7170x7406,"768 Walker Neck
East Dylanmouth, NC 87652",Port Ashleyburgh,New Jersey,US,60670
454,"Thompson, Baker and Navarro",Olivia Hill,webbalison@yahoo.com,(872)802-9945x605,"516 Joseph Locks Apt. 139
Allenville, CO 25943",Edwardborough,Delaware,US,83127
455,"Garcia, Jenkins and Walker",David Jackson,sandra64@gmail.com,+1-966-380-0314x434,"694 Cindy Fork
Matthewmouth, CA 99167",West Cynthia,North Dakota,US,42281
456,Lopez Ltd,Tyler Scott,hoodjaclyn@gmail.com,809-880-1254x4566,"237 John Forest Apt. 299
Lake Brittanyhaven, HI 02294",Longburgh,Tennessee,US,9203
457,James-Cooper,Justin Oliver,gomezmichael@gmail.com,+1-858-765-5557x03764,"Unit 3657 Box 8552
DPO AP 84715",East Cynthiamouth,New Hampshire,US,2080
458,Thomas Group,Alfred Miller,ppatterson@hotmail.com,623-429-4658,"1635 Summers Cliffs Suite 246
South Jeremy, MP 75019",Chadport,Nevada,US,64844
459,Giles-Sanchez,Janet Lewis,patrick88@yahoo.com,(725)823-2096x9204,"48743 Brent Valley
North Jamie, NJ 18211",North Francis,Iowa,US,21955
460,Madden Group,Michelle Contreras,lopezzachary@hotmail.com,(790)304-2469x83890,"377 Anthony Stream Apt. 539
Brianfort, ID 03961",East Samantha,Minnesota,US,1160
461,"Hughes, Matthews and Lee",Joshua Martin,evanalvarez@yahoo.com,657.753.1748x56245,"7659 Amanda Locks
Lake Jamiestad, GU 71719",Ivanhaven,Montana,US,96799
462,"Schneider, Christensen and Smith",Keith Sutton,charles91@hotmail.com,(861)500-3741,"251 Ramos Locks
Ruizborough, PA 36408",Sextonton,Maryland,US,77423
463,"West, Martin and Burns",Mr. Anthony Calhoun MD,medinajames@gmail.com,001-780-364-8285x775,"PSC 4330, Box 5761
APO AP 60154",Fieldsberg,Oregon,US,89952
464,Nielsen Inc,Jesse Shelton,robertsmith@gmail.com,968-321-5328x9181,"546 Christopher Cliff Apt. 884
North Brandiberg, OH 20028",Maciasmouth,Florida,US,46566
465,Deleon-Harding,Taylor Boyd,jessica12@hotmail.com,+1-686-826-1624x8002,"80509 Powell River Suite 424
Greenville, FL 38080",Seanchester,Vermont,US,57231
466,Hooper-Dillon,Joseph Barnes,cabrerawilliam@hotmail.com,(337)879-4939,"2803 Gabriel Islands Suite 777
Seanport, PR 67014",Williamville,Wyoming,US,72843
467,Baker-Mckee,Erica Garcia,ievans@hotmail.com,001-701-816-0123x13364,"69561 Bell Corner
West Diane, MP 08721",New Karenport,Connecticut,US,66289
468,"Hensley, Cummings and Jackson",Sharon Jones,wbarajas@hotmail.com,744.566.3608,"8218 Corey Trail Suite 409
Lake Sandra, FM 16938",Codyfurt,Arkansas,US,79922
469,"Mccormick, Hensley and Liu",Sandra Nelson,david37@yahoo.com,+1-775-545-3531x383,"6447 Sullivan Highway
West Chrisberg, MT 62082",Lake Deniseborough,Alaska,US,19218
470,Patel-Grant,Cassandra Morton,millerjoe@yahoo.com,728-395-7206,"7650 Russell Harbor
Lake Cherylborough, MO 72525",North Matthewhaven,Vermont,US,27506
471,Flores-Flores,Barbara Francis,douglas38@yahoo.com,001-524-287-9994,"88410 Joseph Falls
Woodview, VI 27770",North Tammyville,Massachusetts,US,40623
472,Booker Group,Jay Warner,joshua37@yahoo.com,529-296-3777x570,"123 Amy Circles
Lake James, IN 02406",East Michaelborough,New York,US,35739
473,Valentine-Williams,Alyssa Flynn,richard83@gmail.com,(881)366-1935,"9980 Aaron Forest
East Ariel, NH 85804",Connerfurt,Idaho,US,23249
474,"Miles, Montes and Crane",Cynthia Silva,mbailey@gmail.com,263.961.2484,"141 Melissa Landing Suite 608
East Kathymouth, AR 86488",Jamesberg,Georgia,US,22005
475,"Sanders, Bailey and Lucas",Christopher Barajas,osbornsteven@yahoo.com,(825)890-3323x29428,"2525 Martin Plaza
New Kathy, NV 76735",Shelbyhaven,Minnesota,US,15064
476,Glass and Sons,Jennifer Morton,xjoseph@yahoo.com,849-604-9908x41847,"020 Villegas Grove
South Danielbury, NJ 22682",Meganborough,New Mexico,US,68607
477,"Russell, James and Hardy",Stephanie Garner,jacobsondawn@yahoo.com,(225)949-6077,"5490 Mary Cove Apt. 688
East Lindsay, OR 80777",Jacobmouth,South Carolina,US,15369
478,Washington-Stewart,Kelly Bishop,ericmatthews@yahoo.com,348-592-0336,"452 Williams Hill
Michaelfurt, MP 96406",New Patrick,Connecticut,US,6789
479,"Mcintyre, Perez and Johnson",Margaret Logan,stephaniecordova@gmail.com,(495)800-6235,"281 Peck River Apt. 848
Brownstad, OH 77425",Rachelmouth,South Carolina,US,51995
480,Smith-Jackson,Austin Roberts,frederickmark@gmail.com,240-850-0332,"50650 Susan Extensions
New Laura, IA 13522",New Julie,Connecticut,US,59602
481,Johnson LLC,John Baker,robertbarker@hotmail.com,437.375.8815x56983,"18885 Angela Parkways Apt. 231
Michaelland, VT 70259",Natalieland,West Virginia,US,96799
482,Mueller Group,Timothy Patrick,angelaedwards@yahoo.com,001-402-700-4672x8442,"2725 Medina Avenue
West Annafurt, IN 86626",Lake Laurenbury,Delaware,US,3941
483,Silva Ltd,Dr. Ralph Moreno,garciajames@gmail.com,(734)209-4916x0509,"06677 Thompson Locks
Hannaview, FL 29116",Petersonburgh,Utah,US,20356
484,Cook-Harrison,Jamie Miller,rosedaniel@yahoo.com,991-676-1518,"48181 Jackie Junctions Suite 604
Port Thomasside, NM 59396",Morganfort,Arizona,US,21630
485,Vaughn PLC,Mary Smith,krogers@yahoo.com,-10041,"95458 David Ranch
Amandafurt, DC 39907",South Rosefurt,Virginia,US,70082
486,Zhang-Washington,Jared Simmons,howardsandra@yahoo.com,735-342-5907x559,"4404 James Manor
Johnstonview, CA 38845",Walkerstad,Ohio,US,93736
487,Weaver and Sons,Michael Murphy,lphillips@yahoo.com,8123327273,"655 Lopez Forge
Rachelchester, NH 80738",Lake Amandaland,Oregon,US,80558
488,Skinner-Miller,Yolanda Evans,marshallkelly@hotmail.com,256.268.3191,"USNV Olson
FPO AP 62381",East Lisa,Florida,US,81363
489,Bradley Inc,Richard Wagner,amanda69@gmail.com,657.451.0167,"819 Willie Viaduct Apt. 903
Clarencetown, SD 88428",New Elizabeth,New Hampshire,US,8368
490,Kennedy-Smith,Shane Pitts,melissa24@yahoo.com,840-980-2919x89829,"0804 Novak Plains Apt. 413
Lake Morgan, HI 68029",Hamiltonstad,Pennsylvania,US,90698
491,Cooper Group,Daniel Richard,tiffanycarlson@yahoo.com,534-424-8812x804,"45853 Joshua Mission Suite 752
Marystad, FM 23381",Matthewsville,Pennsylvania,US,88477
492,Vargas Ltd,Denise Rowland,nneal@gmail.com,556-533-3065x4367,"960 Katherine Circle Apt. 909
Port Mauricehaven, GU 44069",New Jasonside,South Carolina,US,58007
493,"Kaufman, Yang and Johnston",Penny Walters,greencalvin@gmail.com,(801)317-5273x5014,"4283 William Groves
North Gregoryport, MH 27053",Petersborough,Alaska,US,66639
494,Bradshaw-Esparza,Katrina Riddle,dillonmarie@gmail.com,204-793-2852x8076,"4480 Flowers Motorway Suite 920
Port Sarah, ME 53524",South Donnatown,Montana,US,10473
495,"Miller, Carson and Brady",Lisa Oliver,shawjustin@hotmail.com,595.323.8073x155,"1469 Barnes Landing Apt. 237
Rodriguezside, VA 29193",Lake Wayne,Alabama,US,42790
496,"Silva, Green and Walker",Kurt Romero,toddfox@gmail.com,001-651-470-8598,"76525 Shelley Roads Suite 954
New Richardtown, IN 79328",East Carolyn,Tennessee,US,76814
497,Gentry-Orr,Jeff Vaughan,joe17@hotmail.com,(226)245-7532x16824,"USCGC Graves
FPO AP 61265",Kathleenfort,Louisiana,US,53036
498,Ellison-Jacobs,Jennifer Hunter,bgardner@gmail.com,2733695947,"067 Carter Isle
Mccarthyview, LA 43683",Lake Heathershire,Nebraska,US,24959
499,"Garza, Martin and Harrison",Brenda Johnson,wilsonaustin@gmail.com,395.656.2855x3167,"7252 Mckee Fields
North William, TN 73587",Matthewsside,North Carolina,US,96886
500,Greene Group,Carol Castillo,emilybaker@hotmail.com,758.291.3127x59383,"152 Barbara Parks Apt. 469
Jacksonville, AR 14228",Deckerville,New Mexico,US,68132
501,Roberts LLC,Morgan Smith,kevinadkins@gmail.com,+1-647-502-6080x73115,"217 Baldwin Village Apt. 927
New April, NJ 92456",Lake Katieton,South Dakota,US,12561
